Date,Coin,Opening Price,Highest Price,Lowest Price,Closing Price,Trading Volume
1732492800,BTC,97967.2951372954,98877.9197437827,92684.2619953663,93025.1292956724,431859.241774272
1732579200,BTC,93025.1292956724,95002.0885966689,90799.7751550477,91940.193000198,486566.735382776
1732665600,BTC,91940.193000198,97336.3587020162,91780.4766726778,95947.0830989849,398260.872853311
1732752000,BTC,95947.0830989849,96643.1883917306,94681.7421365357,95666.2193195659,279123.450365353
1732838400,BTC,95666.2193195659,98693.2388446259,95404.761788695,97490.1520025695,300723.544769699
1732924800,BTC,97490.1520025695,97490.8043937339,96145.6722461059,96479.2439359753,153386.821626767
1733011200,BTC,96479.2439359753,97844.9691545753,95789.931352868,97240.3353955653,183848.389669403
1733097600,BTC,97240.3353955653,98152.6880351147,94526.7040304943,95862.9439884694,390919.635704981
1733184000,BTC,95862.9439884694,96284.4749978801,93688.7783942233,95871.9335129261,364999.981569621
1733270400,BTC,95871.9335129261,99177.5161838037,94690.9338945262,98734.3200545731,438631.68841798
1733356800,BTC,98734.3200545731,103713.667072889,93468.3399145307,97050.027060881,853862.849119906
1733443200,BTC,97050.027060881,102006.430175579,96475.2097358183,99866.4510373869,680775.148988338
1733529600,BTC,99866.4510373869,100533.36537904,99063.0738728127,99921.2160409421,265996.93214222
1733616000,BTC,99921.2160409421,101375.618684987,98768.1275538834,101164.789500775,269700.684689133
1733702400,BTC,101164.789500775,101246.071997686,94915.2173590384,97406.9715880375,705343.787243298
1733788800,BTC,97406.9715880375,98267.2163788997,94334.3496925922,96657.0407188012,660407.437723984
1733875200,BTC,96657.0407188012,101904.036375275,95738.7160288452,101169.668463919,537052.852463069
1733961600,BTC,101169.668463919,102508.508795843,99349.3764472432,100028.919617953,461069.063867661
1734048000,BTC,100028.919617953,101880.782062637,99238.2950231363,101446.437188656,363103.843805038
1734134400,BTC,101446.437188656,102620.103495946,100622.654450547,101400.839850663,249690.231004717
1734220800,BTC,101400.839850663,105017.711899901,101229.961786872,104389.474858669,296809.242070003
1734307200,BTC,104389.474858669,107778.433989127,103349.102019496,106079.090411121,528048.394267647
1734393600,BTC,106079.090411121,108266.707517594,105395.742955253,106168.858284328,389520.134215259
1734480000,BTC,106168.858284328,106498.308435072,100052.350506188,100187.26575458,555456.007380732
1734566400,BTC,100187.26575458,102780.741548511,95633.8465368784,97472.6550452805,596072.32231823
1734652800,BTC,97472.6550452805,98133.7617107355,92263.6027950042,97868.8217768341,655726.780604918
1734739200,BTC,97868.8217768341,99581.0300283164,96491.8897813078,97234.4605283882,321770.605732535
1734825600,BTC,97234.4605283882,97381.7331501215,94228.1268303623,95112.7522534299,277949.718188278
1734912000,BTC,95112.7522534299,96464.1028668923,92475.9774987538,94812.1850603651,430316.998821292
1734998400,BTC,94812.1850603651,99443.9037446732,93498.5336163978,98646.2398597345,288729.79565812
1735084800,BTC,98646.2398597345,99517.2078790577,97671.9997509019,99390.0555088638,197189.077589724
1735171200,BTC,99390.0555088638,99923.3439217042,95169.2240138869,95736.3243416497,283769.442860161
1735257600,BTC,95736.3243416497,97199.8198313911,93393.6349617642,94209.4541683634,318470.000605941
1735344000,BTC,94209.4541683634,95515.1802753732,94048.4897973533,95157.2883658672,138112.743011363
1735430400,BTC,95157.2883658672,95186.1179484234,92919.1020467299,93615.04302023,172671.240735563
1735516800,BTC,93615.04302023,94923.5931730324,91374.9607524214,92671.5245019799,378011.14933075
1735603200,BTC,92671.5245019799,96133.5486794865,91932.8732527472,93441.6983892194,284228.313447607
1735689600,BTC,93441.6983892194,94979.0979452426,92848.1136284567,94451.9403687362,152845.673685992
1735776000,BTC,94451.9403687362,97755.6136668064,94260.086766928,96919.3484077694,288813.824744512
1735862400,BTC,96919.3484077694,98944.6015893314,96044.9817768415,98141.0286082368,222855.456509767
1735948800,BTC,98141.0286082368,98751.6347979048,97565.1320940328,98216.3730482727,131288.379401709
1736035200,BTC,98216.3730482727,98802.2011394918,97278.7819571971,98346.7868897226,112989.473011108
1736121600,BTC,98346.7868897226,102490.980349224,97916.50917389,102280.873054768,311985.668967906
1736208000,BTC,102280.873054768,102713.731333029,96177.4224475258,96974.6350092362,359297.084750434
1736294400,BTC,96974.6350092362,97292.1157148887,92645.2494488019,95087.2717455432,410851.556362012
1736380800,BTC,95087.2717455432,95376.2465713125,91266.6771300354,92580.9812772829,427000.492854432
1736467200,BTC,92580.9812772829,95784.3328692769,92324.8196412634,94735.7250634323,420755.532326922
1736553600,BTC,94735.7250634323,95005.1375728315,93859.2806108064,94586.6264930777,113853.276703581
1736640000,BTC,94586.6264930777,95365.1848943437,93696.0857058647,94524.0668166653,125263.613046383
1736726400,BTC,94524.0668166653,95869.0459107885,89669.6038185143,94542.5674780612,484432.070025991
1736812800,BTC,94542.5674780612,97369.8953359744,94368.8944179765,96554.039485471,347027.438761655
1736899200,BTC,96554.039485471,100704.47992635,96498.0169934287,100509.313317077,339776.955844328
1736985600,BTC,100509.313317077,100843.365180115,97371.8704506316,99993.5161111163,321651.756956133
1737072000,BTC,99993.5161111163,105915.236192723,99958.9564783862,104114.678798924,418435.851523451
1737158400,BTC,104114.678798924,104951.825463822,102289.052325482,104441.397877855,273465.987923555
1737244800,BTC,104441.397877855,106296.7325179,99751.603698171,101292.641209328,424237.748591558
1737331200,BTC,101292.641209328,109134.786742258,99563.70602715,102228.25366864,714224.515381276
1737417600,BTC,102228.25366864,107246.705695541,100141.741646728,106188.135939294,540914.151197762
1737504000,BTC,106188.135939294,106372.829587823,103385.640718143,103692.100401351,326593.747188849
1737590400,BTC,103692.100401351,106864.395294252,101281.800811178,103962.596578763,646479.429900936
1737676800,BTC,103962.596578763,107167.694900889,102810.892785108,104906.678715047,316407.952256994
1737763200,BTC,104906.678715047,105318.147205119,104125.337006786,104796.454151747,128697.684475176
1737849600,BTC,104796.454151747,105485.726407884,102504.239014927,102606.795575524,119015.245020127
1737936000,BTC,102606.795575524,103220.28098024,97832.5349752467,102090.565306229,562236.058120618
1738022400,BTC,102090.565306229,103747.123721254,100250.404227626,101300.368030514,285831.948899445
1738108800,BTC,101300.368030514,104763.077783684,101296.994824734,103745.369909948,283836.197131952
1738195200,BTC,103745.369909948,106473.551977275,103345.431366212,104789.940712272,241572.139306523
1738281600,BTC,104789.940712272,106054.79072439,101549.982008983,102459.5832836,270138.792050438
1738368000,BTC,102459.5832836,102805.738542159,100279.802764609,100631.059748449,153272.147124402
1738454400,BTC,100631.059748449,101447.449793157,96292.2044726772,97678.7719678885,373522.927164122
1738540800,BTC,97678.7719678885,102504.815026212,91687.2854758568,101436.407843162,679678.802692783
1738627200,BTC,101436.407843162,101774.569125339,95924.4492393112,97804.2385175571,454130.095876162
1738713600,BTC,97804.2385175571,99140.6592695527,96187.4352975343,96625.261316975,296127.621723564
1738800000,BTC,96625.261316975,99199.7861618104,95726.6503585221,96579.8329029594,293712.658655673
1738886400,BTC,96579.8329029594,100180.304039999,95668.4791668097,96539.7981854609,354488.546036135
1738972800,BTC,96539.7981854609,96897.0272577169,95722.7939330383,96479.319789231,132981.138731728
1739059200,BTC,96479.319789231,97342.886854819,94775.2109297554,96502.8008211955,172058.68451721
1739145600,BTC,96502.8008211955,98370.7504896998,95314.9285375637,97490.2991705221,250458.982886476
1739232000,BTC,97490.2991705221,98528.7378444808,94887.3250510873,95827.6528436408,242949.736550588
1739318400,BTC,95827.6528436408,98145.0212876138,94193.1241838364,97915.2900812202,317372.680919819
1739404800,BTC,97915.2900812202,98131.8582087972,95308.4056373528,96678.8146099012,231787.587644891
1739491200,BTC,96678.8146099012,98883.7915235882,96373.598622567,97553.755288536,215386.169256527
1739577600,BTC,97553.755288536,98020.0111122488,97290.1467850986,97642.7920403064,104152.511816511
1739664000,BTC,97642.7920403064,97774.3691989421,96089.3150096093,96157.6042409799,101947.675863877
1739750400,BTC,96157.6042409799,97074.5679619846,95269.3844276535,95837.3362085539,185075.85572213
1739836800,BTC,95837.3362085539,96764.0411430524,93418.0442905355,95671.8962902099,254791.342237805
1739923200,BTC,95671.8962902099,96888.3330001149,95083.0882588855,96685.0739421655,193206.090902548
1740009600,BTC,96685.0739421655,98784.3000701216,96480.5311592148,98356.2539966563,211967.776176157
1740096000,BTC,98356.2539966563,99524.81970204,94876.2150483914,96153.8335590858,334188.181015192
1740182400,BTC,96153.8335590858,96157.0663380801,95784.6816298284,96053.6704379735,6187.84455477162
1732492800,ETH,3363.30449065622,3544.47731975335,3303.81341660468,3414.42932732136,8478342.63107561
1732579200,ETH,3414.42932732136,3461.7796082203,3255.11429075456,3324.22988852545,6735152.3217694
1732665600,ETH,3324.22988852545,3687.33783677313,3302.44800492816,3656.80620227961,6891685.66081542
1732752000,ETH,3656.80620227961,3664.75282891373,3531.91056917089,3579.45093468315,4955617.76005913
1732838400,ETH,3579.45093468315,3646.46611757989,3538.11427652911,3593.3926687714,4214858.92001034
1732924800,ETH,3593.3926687714,3739.5526547528,3571.86508376044,3706.23945908511,4449348.38314291
1733011200,ETH,3706.23945908511,3746.40793210764,3663.21366490746,3709.93349925813,4020730.98788747
1733097600,ETH,3709.93349925813,3760.69078392558,3559.88447728366,3644.32478647478,6805953.89373892
1733184000,ETH,3644.32478647478,3669.88026424101,3510.82688737523,3615.94497294694,6099150.1090897
1733270400,ETH,3615.94497294694,3894.31674853753,3615.94497294694,3843.55773834304,9112755.7291217
1733356800,ETH,3843.55773834304,3956.42707148568,3725.33167561068,3789.38814632589,9675816.94618461
1733443200,ETH,3789.38814632589,4092.15018817862,3783.10837565802,4003.91937252117,10209873.8289579
1733529600,ETH,4003.91937252117,4028.2116202623,3973.85936837869,4000.1657872022,3071237.60124115
1733616000,ETH,4000.1657872022,4016.92577684788,3928.57008562622,4005.97020595298,2811255.24107782
1733702400,ETH,4005.97020595298,4007.12102001211,3574.86817743005,3717.51408197287,8855955.25253309
1733788800,ETH,3717.51408197287,3780.23459106983,3520.35541814474,3630.84217508442,9591459.12939164
1733875200,ETH,3630.84217508442,3850.01287843753,3566.03668955876,3833.51136612567,5369085.63334846
1733961600,ETH,3833.51136612567,3987.3468237072,3799.40070670543,3882.47995077511,6722872.42887136
1734048000,ETH,3882.47995077511,3967.53436258911,3854.87809461206,3907.63711036382,4625306.67637048
1734134400,ETH,3907.63711036382,3944.28934230616,3826.93561368089,3870.11678418217,3291482.99993049
1734220800,ETH,3870.11678418217,3972.13078531425,3832.80699221858,3956.69313923646,3017828.58076517
1734307200,ETH,3956.69313923646,4106.38860565128,3884.81612360788,3987.30025318417,6612624.01900669
1734393600,ETH,3987.30025318417,4040.86439052694,3851.59706462083,3893.89760167185,5131135.93251049
1734480000,ETH,3893.89760167185,3904.18966618911,3618.84933459939,3626.22194837514,7785682.1671077
1734566400,ETH,3626.22194837514,3719.50024836078,3332.53774883865,3415.65486690531,10283813.9765741
1734652800,ETH,3415.65486690531,3498.11272644942,3099.07816348223,3473.12056626783,12305039.5611447
1734739200,ETH,3473.12056626783,3554.824861144,3292.9439682705,3337.07966702649,5960805.11553919
1734825600,ETH,3337.07966702649,3399.75758552282,3219.9412932762,3279.05723024902,4852405.37861476
1734912000,ETH,3279.05723024902,3463.02180627553,3216.23166527976,3419.58418153938,7011512.08000344
1734998400,ETH,3419.58418153938,3537.19505365708,3355.91032536744,3492.20320231671,4351896.49074573
1735084800,ETH,3492.20320231671,3543.90713487665,3441.14464948555,3495.90137076245,3134745.28608883
1735171200,ETH,3495.90137076245,3513.1481556635,3303.9328826919,3332.56035902991,4085710.90810292
1735257600,ETH,3332.56035902991,3436.66927416062,3304.34865543995,3329.78428412289,4348234.08348943
1735344000,ETH,3329.78428412289,3419.92367672406,3318.73531753255,3398.73124322336,2341690.96460373
1735430400,ETH,3398.73124322336,3407.97596172348,3322.39422374371,3351.8171799867,2162101.4329502
1735516800,ETH,3351.8171799867,3430.03144890062,3300.2591720378,3357.07760744907,4839706.24675394
1735603200,ETH,3357.07760744907,3445.82813919508,3312.44877561354,3332.50763246674,3736318.06368232
1735689600,ETH,3332.50763246674,3368.02470649689,3311.05425383478,3355.14756236522,2403353.91659058
1735776000,ETH,3355.14756236522,3495.12087628969,3349.97136563705,3452.9679592208,3816626.0049984
1735862400,ETH,3452.9679592208,3627.97524558704,3422.22175308334,3607.71040339028,3636645.35349667
1735948800,ETH,3607.71040339028,3669.52281103841,3573.3513163504,3656.25297292294,2496586.02200628
1736035200,ETH,3656.25297292294,3673.4406787739,3595.31399237739,3635.62897708073,1936049.3537952
1736121600,ETH,3635.62897708073,3743.80338382984,3611.75027103996,3689.16809286993,3910304.96645108
1736208000,ETH,3689.16809286993,3701.53141047505,3359.41238578724,3381.9663435697,5661857.45626334
1736294400,ETH,3381.9663435697,3415.23088213133,3211.16843377219,3327.67421465607,6515734.01552164
1736380800,ETH,3327.67421465607,3357.28054867576,3160.87999240942,3220.46844766833,5634006.01527926
1736467200,ETH,3220.46844766833,3321.91573067985,3197.99607480295,3267.38576316716,5059366.62475962
1736553600,ETH,3267.38576316716,3319.10760386061,3219.71048958582,3282.54332791325,2070199.10386392
1736640000,ETH,3282.54332791325,3298.34591433708,3224.68527716697,3266.78233529536,1929640.20968407
1736726400,ETH,3266.78233529536,3335.60046416373,2937.13232097447,3137.59663100255,7953082.6050833
1736812800,ETH,3137.59663100255,3256.386086144,3127.5337069735,3225.14845952123,4326866.41248222
1736899200,ETH,3225.14845952123,3473.88612311043,3186.89398825607,3451.66917400987,4544495.00939784
1736985600,ETH,3451.66917400987,3459.26230099884,3266.98428401845,3307.97709319029,4669195.32967862
1737072000,ETH,3307.97709319029,3525.83348928819,3307.93988235047,3474.91498700687,4616608.23630901
1737158400,ETH,3474.91498700687,3495.58273873783,3229.57341810332,3304.63046806216,5586767.63224249
1737244800,ETH,3304.63046806216,3444.78556201998,3127.80019327843,3213.66275269156,10254054.2610827
1737331200,ETH,3213.66275269156,3444.56462152858,3145.94904158157,3282.36572505615,9017951.77805677
1737417600,ETH,3282.36572505615,3368.05231923537,3205.80492574008,3328.98082181089,6210167.33848447
1737504000,ETH,3328.98082181089,3366.483390411,3224.54905333898,3243.02762095491,4088797.52881211
1737590400,ETH,3243.02762095491,3348.36881437879,3186.37035495035,3339.94345004003,6463518.49578452
1737676800,ETH,3339.94345004003,3425.36256349303,3278.64595683796,3312.13139378679,4660462.51316086
1737763200,ETH,3312.13139378679,3351.43489458312,3270.18741578603,3318.89128315824,2254120.59548833
1737849600,ETH,3318.89128315824,3362.05887527876,3230.64892310879,3233.21973601805,2340957.40043915
1737936000,ETH,3233.21973601805,3251.36809650539,3026.77818101132,3182.10030511714,8036815.85409977
1738022400,ETH,3182.10030511714,3223.87421502826,3040.09045408502,3076.47871383954,3861602.25147669
1738108800,ETH,3076.47871383954,3174.00602581065,3054.30555696784,3114.21001324055,4394142.94550934
1738195200,ETH,3114.21001324055,3284.36086093712,3093.67501254486,3249.36154725967,3533032.67136228
1738281600,ETH,3249.36154725967,3438.59476132744,3216.08413977473,3302.01708582671,5359370.96977851
1738368000,ETH,3302.01708582671,3332.36315201929,3102.30350072536,3117.2353711104,3660123.16162173
1738454400,ETH,3117.2353711104,3162.14739862831,2782.70182641661,2868.6509353831,8720009.80880256
1738540800,ETH,2868.6509353831,2918.58513440065,2170.35618882167,2882.68832054116,18784724.4999371
1738627200,ETH,2882.68832054116,2888.97365652439,2635.19124097381,2732.23094373655,11456716.8835869
1738713600,ETH,2732.23094373655,2825.87742724238,2700.96634086627,2788.24396356463,7329246.06394041
1738800000,ETH,2788.24396356463,2857.65850967231,2661.57018477165,2687.34195398994,6892026.46539021
1738886400,ETH,2687.34195398994,2798.31492994843,2564.88530399022,2622.9405387753,7233105.73402139
1738972800,ETH,2622.9405387753,2665.44311690781,2590.62480805584,2633.0217216455,4060801.20153362
1739059200,ETH,2633.0217216455,2689.69160013989,2531.09545435171,2628.27951347464,4058716.28236754
1739145600,ETH,2628.27951347464,2694.64093349396,2563.50120763089,2663.04776912764,4463939.43835313
1739232000,ETH,2663.04776912764,2726.11337233169,2572.79263559052,2602.52335581854,5013813.03354114
1739318400,ETH,2602.52335581854,2793.33050367638,2552.67309891824,2739.46787300382,6275160.99128179
1739404800,ETH,2739.46787300382,2757.6851368471,2617.71126885857,2677.81418066867,4218344.34062349
1739491200,ETH,2677.81418066867,2792.3949969015,2667.1642479522,2727.61142675063,3646745.68677169
1739577600,ETH,2727.61142675063,2740.47967375408,2677.20693972996,2695.21532253349,2026012.20164813
1739664000,ETH,2695.21532253349,2724.71679292586,2658.18454587149,2663.31846990909,2041390.44399689
1739750400,ETH,2663.31846990909,2849.39918798321,2643.75942979989,2745.64016493534,5088100.54441475
1739836800,ETH,2745.64016493534,2756.10688164988,2607.27771260176,2671.96850134117,5257633.78474039
1739923200,ETH,2671.96850134117,2737.20783667993,2657.72066041656,2717.20253835699,3257318.44027437
1740009600,ETH,2717.20253835699,2769.75638656601,2709.19339629908,2739.91454044872,3216963.71273221
1740096000,ETH,2739.91454044872,2844.88039989127,2616.4579147434,2661.7985843196,6975464.6080291
1740182400,ETH,2661.7985843196,2675.8116881188,2654.0805700709,2673.90493428051,153309.56732806
1732492800,XRP,1.43039793310158,1.53157019502821,1.35178310140832,1.41346105497605,5160951291.27445
1732579200,XRP,1.41346105497605,1.45653333815895,1.28676971716036,1.39920110299828,4363980857.65996
1732665600,XRP,1.39920110299828,1.51922808131648,1.35470948473544,1.47089087497554,3630373108.90002
1732752000,XRP,1.47089087497554,1.54504914085409,1.43440635955118,1.54193340685786,2683778034.56778
1732838400,XRP,1.54193340685786,1.80995530386839,1.52437261019187,1.79790114647447,6127501034.62857
1732924800,XRP,1.79790114647447,1.95779742724393,1.76482206465007,1.95219028570815,6105244356.43375
1733011200,XRP,1.95219028570815,2.33971596382126,1.85185007797729,2.29133546446774,5165835552.54185
1733097600,XRP,2.29133546446774,2.85507711253344,2.22520599072188,2.72151942079536,13130987951.4187
1733184000,XRP,2.72151942079536,2.89306424294019,2.32358639916665,2.50482352142995,10508502006.0555
1733270400,XRP,2.50482352142995,2.67102294173885,2.29030834074649,2.35974248914455,6369427424.02977
1733356800,XRP,2.35974248914455,2.49151356770665,2.17247218859111,2.24860424872238,6653268265.30497
1733443200,XRP,2.24860424872238,2.45404233245627,2.22965856721362,2.41979522296615,4548671745.5259
1733529600,XRP,2.41979522296615,2.62070277308072,2.37859724156741,2.61265265801533,3549826457.5162
1733616000,XRP,2.61265265801533,2.64658117598559,2.48779607436698,2.59490566353809,2464651627.28537
1733702400,XRP,2.59490566353809,2.59910368076506,2.08204641853054,2.21776265230093,6096858842.04473
1733788800,XRP,2.21776265230093,2.41007118222288,1.90933003746193,2.37132923434942,9081398561.38916
1733875200,XRP,2.37132923434942,2.46669213395286,2.23404405500363,2.39209725776487,4420684941.82877
1733961600,XRP,2.39209725776487,2.47780101166687,2.3125341592804,2.33823836553805,3300369227.17822
1734048000,XRP,2.33823836553805,2.47201210158756,2.28769576926683,2.41893499228211,2857188055.12751
1734134400,XRP,2.41893499228211,2.52611741159603,2.35843670375223,2.3998482570761,2298881599.43941
1734220800,XRP,2.3998482570761,2.46853392811064,2.36963043001409,2.44381332597967,1549174853.4972
1734307200,XRP,2.44381332597967,2.5803904900089,2.34556417179532,2.48769837975742,3426424969.69811
1734393600,XRP,2.48769837975742,2.72716986547475,2.44477594003696,2.57485527602177,4728392620.12238
1734480000,XRP,2.57485527602177,2.59724813085697,2.28088074928844,2.31414580578742,6270390880.5481
1734566400,XRP,2.31414580578742,2.43945677790196,2.16733476576168,2.24925621488956,7944914321.41718
1734652800,XRP,2.24925621488956,2.3592561875288,1.96129189794976,2.29325839313444,9424104074.83301
1734739200,XRP,2.29325839313444,2.3960812830018,2.20280470756716,2.23650325860909,5267612011.71673
1734825600,XRP,2.23650325860909,2.29160090172713,2.15948721557378,2.2011292154411,3854136370.29952
1734912000,XRP,2.2011292154411,2.28218557044919,2.13446591492484,2.26716856712432,3477783254.28127
1734998400,XRP,2.26716856712432,2.35510871174329,2.21934654664866,2.32885642494804,1923073597.1976
1735084800,XRP,2.32885642494804,2.34154667640381,2.27479141580266,2.30583164870966,1160775696.74142
1735171200,XRP,2.30583164870966,2.32380038662858,2.13924847064371,2.16256096273519,1676572406.25175
1735257600,XRP,2.16256096273519,2.23941245069792,2.12375660379457,2.15015501510911,1728358341.98342
1735344000,XRP,2.15015501510911,2.20485606185024,2.13803320802676,2.18089148870996,877847401.563013
1735430400,XRP,2.18089148870996,2.19455982381995,2.07364795752268,2.09577188592146,878016030.052117
1735516800,XRP,2.09577188592146,2.14948456363728,1.99903301863954,2.05930886106434,2261257972.67504
1735603200,XRP,2.05930886106434,2.14851738935432,2.01284451172414,2.08407757622521,1666060217.70396
1735689600,XRP,2.08407757622521,2.35327217683433,2.08180979843148,2.33261575157239,2270185717.07514
1735776000,XRP,2.33261575157239,2.44923233940181,2.33173890571836,2.40389649155475,2370259668.36433
1735862400,XRP,2.40389649155475,2.47773878342917,2.39914505995995,2.4552898654324,1631369211.54449
1735948800,XRP,2.4552898654324,2.50735396692364,2.40570212008217,2.41981145255178,1207166970.70494
1736035200,XRP,2.41981145255178,2.42748722915258,2.33084675253062,2.39901937149811,959161811.96493
1736121600,XRP,2.39901937149811,2.45764902198808,2.37293447775155,2.42162655733681,1182329216.52365
1736208000,XRP,2.42162655733681,2.46958470725426,2.26704627714535,2.27844981392946,2201845371.3619
1736294400,XRP,2.27844981392946,2.403257548238,2.21437450488989,2.38109752282999,2537049983.04658
1736380800,XRP,2.38109752282999,2.40057967675551,2.24534002539965,2.28154080122575,1795321098.79253
1736467200,XRP,2.28154080122575,2.37247299857162,2.25719937069683,2.34660279823943,1591983647.56391
1736553600,XRP,2.34660279823943,2.60457820090328,2.33173503207646,2.57602385440061,2222079100.72383
1736640000,XRP,2.57602385440061,2.58040623432213,2.47008787934509,2.51063101849813,1319595974.42308
1736726400,XRP,2.51063101849813,2.56654193102301,2.34411990184347,2.53134561037813,3167281010.23703
1736812800,XRP,2.53134561037813,2.69696728459276,2.52163662692036,2.67638529122967,2385433952.56591
1736899200,XRP,2.67638529122967,3.20182949109562,2.6559213223467,3.1477824389378,5644117738.30181
1736985600,XRP,3.1477824389378,3.39961503647284,2.9349798083559,3.24566640647032,6203287963.43388
1737072000,XRP,3.24566640647032,3.35620048129557,3.18567769170901,3.29478043703517,2953167093.82976
1737158400,XRP,3.29478043703517,3.30028974382147,3.07416267720906,3.2664470023078,2574235358.24949
1737244800,XRP,3.2664470023078,3.28818987302501,2.87459773429593,2.97379172223624,3170079394.45149
1737331200,XRP,2.97379172223624,3.37317866901561,2.93029851107126,3.12124652023457,4846260625.4915
1737417600,XRP,3.12124652023457,3.25518993273415,3.03848885516093,3.18884913739171,2236091265.66568
1737504000,XRP,3.18884913739171,3.29404774754497,3.15721423520376,3.19315724454109,1710263240.36385
1737590400,XRP,3.19315724454109,3.19594827797384,3.05243845261338,3.13208354138806,1868179810.67364
1737676800,XRP,3.13208354138806,3.21837100496529,3.07090451491002,3.12119889134589,1488965445.28508
1737763200,XRP,3.12119889134589,3.15927567664726,3.07915745308111,3.12431546708862,717860890.994074
1737849600,XRP,3.12431546708862,3.15797383325411,3.01589798621505,3.02296645024949,767626433.636997
1737936000,XRP,3.02296645024949,3.05706024603325,2.68752844182317,3.05486190302288,3520561593.26194
1738022400,XRP,3.05486190302288,3.2283645466894,3.00791140478766,3.05725094926358,2062192719.01826
1738108800,XRP,3.05725094926358,3.12592638919042,2.97007839307781,3.06866064413969,1373690307.01375
1738195200,XRP,3.06866064413969,3.16740586952814,3.04914820262529,3.14336904121193,973771985.34011
1738281600,XRP,3.14336904121193,3.14863102310941,3.01947151595088,3.05189406498795,999949733.45608
1738368000,XRP,3.05189406498795,3.08751499386136,2.83015548718803,2.87823474262827,1022436908.15561
1738454400,XRP,2.87823474262827,2.95458801046076,2.48016096933448,2.57920729339345,3793638786.14567
1738540800,XRP,2.57920729339345,2.7825089768539,1.80438490046488,2.7031758112134,8720351809.8835
1738627200,XRP,2.7031758112134,2.78684422282214,2.42380408329367,2.52865630003047,3313493237.04863
1738713600,XRP,2.52865630003047,2.56957674863968,2.34973543612563,2.38093010731969,1850407924.81528
1738800000,XRP,2.38093010731969,2.46970540656275,2.28276416604819,2.32624014918432,1897029332.61166
1738886400,XRP,2.32624014918432,2.53761380783598,2.2723211480021,2.39758075993702,2346192594.92926
1738972800,XRP,2.39758075993702,2.43621113381645,2.35247645319216,2.42009274644503,1002677097.95676
1739059200,XRP,2.42009274644503,2.50813510905923,2.31471230645771,2.41175598818367,1259816371.39843
1739145600,XRP,2.41175598818367,2.48603115962456,2.34317994991631,2.4379211364398,1336729118.63393
1739232000,XRP,2.4379211364398,2.54005398769117,2.38670434703908,2.42718216217258,1548281794.00642
1739318400,XRP,2.42718216217258,2.5075305532881,2.35503300481403,2.48593437380769,1593376371.3046
1739404800,XRP,2.48593437380769,2.61544450114724,2.43158229649488,2.57596104806851,1421051241.35987
1739491200,XRP,2.57596104806851,2.84584748060801,2.54612864518704,2.75565435840275,2554482336.32761
1739577600,XRP,2.75565435840275,2.85022662251659,2.73421833644668,2.78052046849036,1214516904.03853
1739664000,XRP,2.78052046849036,2.81919927250017,2.71177110175247,2.74613372975878,912353394.861941
1739750400,XRP,2.74613372975878,2.7799831881163,2.62559527370958,2.67298107206357,1326978119.05938
1739836800,XRP,2.67298107206357,2.68230243679316,2.4869626269356,2.57573172525662,1611063449.22144
1739923200,XRP,2.57573172525662,2.75803812459183,2.52743845560098,2.75092597623535,1514935634.48061
1740009600,XRP,2.75092597623535,2.76067284461869,2.68079642575492,2.69920660217185,1216739808.54844
1740096000,XRP,2.69920660217185,2.72104231275022,2.51810213959773,2.57925953689931,1783240821.77941
1740182400,XRP,2.57925953689931,2.59405996725023,2.56062236575785,2.59304648342607,39621420.3276354
1732492800,SOL,252.789879809405,256.407900687034,231.408903557856,234.217774152856,20107266.489226
1732579200,SOL,234.217774152856,239.693742857783,221.991091600282,230.689604268233,22937637.9322446
1732665600,SOL,230.689604268233,243.436289235052,227.722044686245,242.204546204086,17566478.7900716
1732752000,SOL,242.204546204086,245.43030206507,233.069867551287,237.621163091755,13445791.0615829
1732838400,SOL,237.621163091755,246.802324615961,236.675121252888,243.334197027552,13320114.1869918
1732924800,SOL,243.334197027552,245.298731850282,237.694675483991,237.773954329591,11452338.00487
1733011200,SOL,237.773954329591,239.986087637807,234.348655658559,236.816510505194,11733340.2684576
1733097600,SOL,236.816510505194,238.10704873638,220.240058443368,225.774192960587,25136085.8071756
1733184000,SOL,225.774192960587,239.419225747097,215.530159322956,233.909734069944,27839111.524321
1733270400,SOL,233.909734069944,240.74096172182,224.917616950246,229.453074271598,22151521.3219031
1733356800,SOL,229.453074271598,244.721322342909,223.254790339926,236.150646842078,30644183.1159568
1733443200,SOL,236.150646842078,246.879726058132,231.061966440007,236.995028983661,29903820.133813
1733529600,SOL,236.995028983661,243.339617205685,234.352734225761,238.351398298748,13182764.7295341
1733616000,SOL,238.351398298748,241.610785454718,233.457106673438,237.067813986765,10311495.18989
1733702400,SOL,237.067813986765,237.240238928895,208.628651127498,216.963528585436,29579182.9304715
1733788800,SOL,216.963528585436,220.931746473485,203.469143191143,213.763600259884,31800600.6462425
1733875200,SOL,213.763600259884,230.676145594891,211.744713262488,227.339598525919,19647667.5568808
1733961600,SOL,227.339598525919,234.615683883272,225.816803101858,226.984184965573,17302218.868396
1734048000,SOL,226.984184965573,228.377094723942,220.726608570833,224.783371585871,14393176.9097061
1734134400,SOL,224.783371585871,227.392699165834,215.26520885316,219.885309821828,10418734.8164299
1734220800,SOL,219.885309821828,225.277074473349,215.757484179637,224.061078233547,10332050.9275214
1734307200,SOL,224.061078233547,227.242630297824,213.376732094789,216.271708429624,18675130.8975463
1734393600,SOL,216.271708429624,228.929226523021,211.682259864019,223.222006038681,22975002.0349531
1734480000,SOL,223.222006038681,226.107518506914,204.981602300227,206.602945057009,25657448.0115235
1734566400,SOL,206.602945057009,212.16218782598,187.357092032024,193.910656232146,31802211.9393345
1734652800,SOL,193.910656232146,199.599773882888,175.668115906383,194.671199360059,40394284.5394711
1734739200,SOL,194.671199360059,202.073566212556,178.494391397216,181.301351210662,23081335.531853
1734825600,SOL,181.301351210662,187.68686472523,176.871280534478,180.362181965386,18100347.7961673
1734912000,SOL,180.362181965386,193.323909883391,176.47875669536,190.052142525062,21991097.5006521
1734998400,SOL,190.052142525062,198.950353333801,186.1340466298,197.105006420024,14821027.1523212
1735084800,SOL,197.105006420024,201.7837057369,195.243114278091,197.491191361326,11435617.8007363
1735171200,SOL,197.491191361326,199.638841909352,186.666462814297,188.402218199604,12875508.8094695
1735257600,SOL,188.402218199604,194.045807280848,182.876989753964,184.060744120357,12858677.5500968
1735344000,SOL,184.060744120357,195.675217604788,183.778586788055,195.186273784474,9144031.05823895
1735430400,SOL,195.186273784474,197.362322344258,188.392373668844,189.75685823033,8884261.68885989
1735516800,SOL,189.75685823033,196.218229755936,185.739054425713,191.123725381754,13963273.7963458
1735603200,SOL,191.123725381754,198.898865571675,187.873559557997,189.06677171141,14412510.6160316
1735689600,SOL,189.06677171141,194.985534029268,187.778796512493,193.998188958593,9797603.39489239
1735776000,SOL,193.998188958593,209.853799706912,193.246585929774,208.142469152729,16543461.0152581
1735862400,SOL,208.142469152729,219.64422369477,205.569519328367,217.912202947116,15275717.6314978
1735948800,SOL,217.912202947116,217.987892039822,213.644532453255,216.633080084812,8660781.01007781
1736035200,SOL,216.633080084812,218.930297956334,211.571770841562,213.37995933941,8169975.42468753
1736121600,SOL,213.37995933941,223.126164323389,211.587508683855,218.365795513951,12247541.8880317
1736208000,SOL,218.365795513951,219.197558195231,201.993709473124,202.311696802585,16444374.187321
1736294400,SOL,202.311696802585,203.34358252662,188.668210775828,197.640596990947,20716201.449474
1736380800,SOL,197.640596990947,199.10916718445,182.307586491642,185.18999965941,16205338.3999215
1736467200,SOL,185.18999965941,193.053641324734,183.78146536024,187.745449139207,16021285.6876595
1736553600,SOL,187.745449139207,191.855905624436,184.210175444592,188.028541133185,9071544.69041906
1736640000,SOL,188.028541133185,190.878266605447,185.168842831022,188.576605122126,6094795.56120445
1736726400,SOL,188.576605122126,191.931390088978,170.916993315461,182.922964512368,23554337.7582756
1736812800,SOL,182.922964512368,190.114526473563,182.024268735597,187.620651844256,11840075.8010024
1736899200,SOL,187.620651844256,206.026067173484,185.956645720439,205.883052422021,16874785.4491615
1736985600,SOL,205.883052422021,216.886902711283,198.543592122194,211.154134504951,22459773.1989231
1737072000,SOL,211.154134504951,222.084018980603,209.975677927403,219.606408922265,18364093.5699007
1737158400,SOL,219.606408922265,269.933273549504,217.5003112037,261.7002407596,72556008.7716465
1737244800,SOL,261.7002407596,294.986985788259,238.903628218802,253.336319556808,91812155.2936208
1737331200,SOL,253.336319556808,273.286899291518,229.694002608958,242.346883391018,71379787.1331722
1737417600,SOL,242.346883391018,260.238276355297,230.507713533154,250.698049984841,34450552.9425936
1737504000,SOL,250.698049984841,272.190217104313,248.912178784127,257.734179982714,27286686.0681272
1737590400,SOL,257.734179982714,258.66255852046,242.606414700422,253.498287953727,29078813.1003444
1737676800,SOL,253.498287953727,270.333533740303,247.729124268711,253.961638096375,22497512.8107859
1737763200,SOL,253.961638096375,261.29112545291,246.412789468476,257.007290170964,15080841.4126897
1737849600,SOL,257.007290170964,260.483363390982,240.363983053169,240.541984414376,12807017.7151461
1737936000,SOL,240.541984414376,242.440305959018,221.126931537603,234.940398260611,35300462.0405793
1738022400,SOL,234.940398260611,244.302761958162,225.079881534375,226.974114515423,16846152.6257403
1738108800,SOL,226.974114515423,238.346347342226,222.707173575938,228.132637577756,17838913.3428381
1738195200,SOL,228.132637577756,245.036846328273,226.934399435019,238.856542813219,14653386.1941829
1738281600,SOL,238.856542813219,242.088838563514,228.201672028164,232.167462631048,13951504.8139693
1738368000,SOL,232.167462631048,234.507834976644,212.866227481752,213.036792926091,12277906.4245423
1738454400,SOL,213.036792926091,218.708147050068,194.268993957343,203.332657607647,32281864.1283807
1738540800,SOL,203.332657607647,218.713075531534,179.631862975411,216.47300321159,52057453.1797189
1738627200,SOL,216.47300321159,220.036130786777,202.244761551751,206.707534067916,26554606.1915007
1738713600,SOL,206.707534067916,209.294689355197,195.255016215371,196.078864480343,14756588.2955796
1738800000,SOL,196.078864480343,203.98229414863,187.805792928558,189.594911003747,15485087.5172108
1738886400,SOL,189.594911003747,203.457216381728,188.233447322922,192.104597179966,18197440.064398
1738972800,SOL,192.104597179966,200.864481016083,189.933634654467,199.403810014127,9229530.86552101
1739059200,SOL,199.403810014127,207.38209133651,193.833271613358,200.532198261531,12762081.6995607
1739145600,SOL,200.532198261531,209.280506741692,196.04583592322,200.762547955542,15503867.5502777
1739232000,SOL,200.762547955542,206.389898215796,195.170473473971,198.292347941796,14971024.7394869
1739318400,SOL,198.292347941796,198.814193909074,189.039346248096,197.060780389443,17097946.0977854
1739404800,SOL,197.060780389443,198.623047475009,189.46510110585,194.681267593876,11193743.1079353
1739491200,SOL,194.681267593876,205.595534705741,194.51949456496,199.763709285156,14402122.6873521
1739577600,SOL,199.763709285156,200.511273679544,193.1169717106,194.951423708869,7067133.27587691
1739664000,SOL,194.951423708869,196.510368508094,186.704672102323,188.634985600358,8498643.60709493
1739750400,SOL,188.634985600358,189.953584194968,175.236058408228,177.830410257404,18708524.6490414
1739836800,SOL,177.830410257404,179.286823599673,161.059954192012,169.469854264737,31321586.2170426
1739923200,SOL,169.469854264737,174.419748466281,164.05722680507,169.16470071428,16999045.9697618
1740009600,SOL,169.16470071428,176.776415800381,167.941017111984,176.256568282946,15063888.2313363
1740096000,SOL,176.256568282946,180.625390056079,167.297928904467,169.053234762603,21443460.0080081
1740182400,SOL,169.053234762603,170.873937443893,168.246998696765,170.84504292429,477086.311455162
1732492800,DOGE,0.429903133358368,0.436374343654324,0.381303606907498,0.392629732509726,16472245081.4876
1732579200,DOGE,0.392629732509726,0.408390579213376,0.365468403357532,0.387031327122375,16015990193.1037
1732665600,DOGE,0.387031327122375,0.407827748794535,0.380404689931589,0.401245197350462,11422599495.1671
1732752000,DOGE,0.401245197350462,0.428845819596293,0.391936466332656,0.401597343237045,10765274086.5404
1732838400,DOGE,0.401597343237045,0.437026526520133,0.399560995302635,0.425791924177718,11695609409.8905
1732924800,DOGE,0.425791924177718,0.435081661544823,0.413931858027831,0.42185191315622,9530788438.5018
1733011200,DOGE,0.42185191315622,0.44973975886863,0.417017780793603,0.43976593760882,12093370709.9192
1733097600,DOGE,0.43976593760882,0.462089524910365,0.402251578210919,0.424274965302758,22171201128.6865
1733184000,DOGE,0.424274965302758,0.429444722420496,0.389213476027061,0.405576089400432,15462300269.284
1733270400,DOGE,0.405576089400432,0.436761472522266,0.40046250161244,0.433116105823516,13744317093.0106
1733356800,DOGE,0.433116105823516,0.464172202244382,0.4080399096754,0.427344911328582,25618680571.6577
1733443200,DOGE,0.427344911328582,0.440996507794378,0.419766756771171,0.434506104247613,12846989398.9509
1733529600,DOGE,0.434506104247613,0.465163025692967,0.43078768438837,0.45344419082173,13626842286.0566
1733616000,DOGE,0.45344419082173,0.484197091961617,0.446907107278264,0.465372915977533,11486387699.8523
1733702400,DOGE,0.465372915977533,0.466042375859793,0.391732655430637,0.414675576858868,20751877056.7774
1733788800,DOGE,0.414675576858868,0.423079960144984,0.366248390553493,0.39416628214355,21447257527.4724
1733875200,DOGE,0.39416628214355,0.418922652577096,0.375574816324374,0.413827646929128,12367397050.3263
1733961600,DOGE,0.413827646929128,0.423543579718716,0.401484662517728,0.406219038740567,10156105974.0939
1734048000,DOGE,0.406219038740567,0.411709280687279,0.399510726339509,0.408789087839967,7313961862.65644
1734134400,DOGE,0.408789087839967,0.413357106914467,0.387867322010833,0.398207158187425,6005555443.58332
1734220800,DOGE,0.398207158187425,0.410688675956695,0.392675858115374,0.406211242797354,4693387276.52167
1734307200,DOGE,0.406211242797354,0.414429561286833,0.392706612198049,0.402242860299714,7505279991.17744
1734393600,DOGE,0.402242860299714,0.410600529745795,0.392159912838037,0.395020872786989,7046293507.21177
1734480000,DOGE,0.395020872786989,0.397056165918263,0.356065637467153,0.35868292839156,11603936539.6408
1734566400,DOGE,0.35868292839156,0.367900553049675,0.300842971486352,0.315386769182752,21873543045.4156
1734652800,DOGE,0.315386769182752,0.329388313297078,0.26321737581088,0.319384833883809,29639220855.1344
1734739200,DOGE,0.319384833883809,0.351131779646261,0.315662690399233,0.320138852775651,16544659455.7562
1734825600,DOGE,0.320138852775651,0.324250229879091,0.304964726255221,0.313642241187051,9452318179.41458
1734912000,DOGE,0.313642241187051,0.329090227032428,0.303567550030409,0.325473595554712,10717203515.924
1734998400,DOGE,0.325473595554712,0.340837229157396,0.316806315859636,0.337553418280829,7564987098.3425
1735084800,DOGE,0.337553418280829,0.342583941353546,0.327568491181596,0.334836614773344,5828662349.81899
1735171200,DOGE,0.334836614773344,0.338430049273396,0.309111006957897,0.313062580879858,6180882529.98623
1735257600,DOGE,0.313062580879858,0.324729673127131,0.309142128463363,0.311996200568577,5334660752.16488
1735344000,DOGE,0.311996200568577,0.326580909023175,0.311517488928189,0.323867312242666,3370341250.32032
1735430400,DOGE,0.323867312242666,0.329125693888696,0.311847683879623,0.314257724434351,3766271624.90892
1735516800,DOGE,0.314257724434351,0.322857757691185,0.306593346741406,0.313753427228469,6309949379.44543
1735603200,DOGE,0.313753427228469,0.328632746628553,0.309171669732648,0.315747789202074,5518319259.92424
1735689600,DOGE,0.315747789202074,0.327143832987293,0.311903320160401,0.325008860063531,3792664000.57356
1735776000,DOGE,0.325008860063531,0.345246814284155,0.324736897537924,0.338952940897398,7245177271.68713
1735862400,DOGE,0.338952940897398,0.389144118391611,0.336069524100966,0.3798266262832,10516180448.2695
1735948800,DOGE,0.3798266262832,0.398599393881012,0.377392756940154,0.394716169757867,8853070726.89761
1736035200,DOGE,0.394716169757867,0.397604169584753,0.375648754510571,0.382221506705823,4521582891.76874
1736121600,DOGE,0.382221506705823,0.395120433456374,0.376041187942909,0.388106804368682,5885049868.92325
1736208000,DOGE,0.388106804368682,0.398445762906444,0.348512667429083,0.348873563572068,11385363177.4586
1736294400,DOGE,0.348873563572068,0.35598386701022,0.326305840444403,0.343012020028533,10106018861.4338
1736380800,DOGE,0.343012020028533,0.347322484738269,0.31552365900068,0.321907147635491,8550591569.20417
1736467200,DOGE,0.321907147635491,0.339718394534874,0.321868221773084,0.334364183442087,7726005895.00918
1736553600,DOGE,0.334364183442087,0.348437707270619,0.330243581238193,0.341092514554908,3354010716.28798
1736640000,DOGE,0.341092514554908,0.343211557665751,0.332383587466368,0.33630873569422,3017499726.73423
1736726400,DOGE,0.33630873569422,0.346063707171975,0.312372302166933,0.338554950110142,8996934149.90018
1736812800,DOGE,0.338554950110142,0.362343811037141,0.336465151456032,0.356554804020056,7156278622.6821
1736899200,DOGE,0.356554804020056,0.387979863267906,0.349073871047847,0.385647830466226,8693148818.23149
1736985600,DOGE,0.385647830466226,0.390038167051447,0.36865407361997,0.376696441128223,8467876617.73081
1737072000,DOGE,0.376696441128223,0.422102996790391,0.376112756986403,0.415752994196109,12028601008.4502
1737158400,DOGE,0.415752994196109,0.434767978734838,0.386957806839076,0.396004740008995,14214887896.7094
1737244800,DOGE,0.396004740008995,0.409550393719137,0.3498658371831,0.359821505334976,18461579018.5699
1737331200,DOGE,0.359821505334976,0.385851820122063,0.345318358216836,0.355424443091517,18621757818.1053
1737417600,DOGE,0.355424443091517,0.40230666553383,0.335667819222067,0.373486924075143,20263464612.4273
1737504000,DOGE,0.373486924075143,0.37525094085657,0.356871331770444,0.364032225189059,6157397149.71523
1737590400,DOGE,0.364032225189059,0.365694226113582,0.343298284582076,0.353258623304373,6759543413.26836
1737676800,DOGE,0.353258623304373,0.365893985191165,0.344335180619638,0.352730468414176,4537796051.432
1737763200,DOGE,0.352730468414176,0.361475887945127,0.345573410365088,0.355291967882758,3102527512.95162
1737849600,DOGE,0.355291967882758,0.359004543761889,0.335543020686872,0.336027598432459,2671130774.94255
1737936000,DOGE,0.336027598432459,0.336908692239835,0.305905362761262,0.333977581009524,9887483821.01645
1738022400,DOGE,0.333977581009524,0.340051559790943,0.315178071216426,0.318633671612991,4526934936.78838
1738108800,DOGE,0.318633671612991,0.334089020187841,0.317055330586584,0.324060695465444,4212785032.29157
1738195200,DOGE,0.324060695465444,0.340097178641361,0.322302896875822,0.333258935991237,2859035461.31006
1738281600,DOGE,0.333258935991237,0.342750062398245,0.325300073285063,0.33047510409321,4094545410.16507
1738368000,DOGE,0.33047510409321,0.333724541597377,0.303637492987795,0.307936787181328,3468198972.1216
1738454400,DOGE,0.307936787181328,0.314706788706228,0.252271195827479,0.267926908902057,14729709899.8536
1738540800,DOGE,0.267926908902057,0.29297629434411,0.204785727428449,0.28515539193088,28490365118.0469
1738627200,DOGE,0.28515539193088,0.289059457841543,0.255494558751501,0.263571883288058,11441468831.1174
1738713600,DOGE,0.263571883288058,0.269121411459343,0.253538853213844,0.256151561340804,4789513394.43067
1738800000,DOGE,0.256151561340804,0.265931298488315,0.243395987429974,0.247983079309219,5299328612.58087
1738886400,DOGE,0.247983079309219,0.26155970649159,0.238877715678396,0.246614180815992,5627216075.20871
1738972800,DOGE,0.246614180815992,0.254104869194996,0.244586416184519,0.25294988049225,2625932653.6212
1739059200,DOGE,0.25294988049225,0.259957077724946,0.240066670578221,0.250054879312037,3542063985.3647
1739145600,DOGE,0.250054879312037,0.257227534415777,0.24200598138967,0.256313055111197,3968319532.89074
1739232000,DOGE,0.256313055111197,0.270658307379511,0.248683221112969,0.25417267942435,5081336303.40801
1739318400,DOGE,0.25417267942435,0.267977899819044,0.247970481638066,0.264957458872529,5801090269.86863
1739404800,DOGE,0.264957458872529,0.267869837330879,0.254438644274934,0.26345136152614,4398046714.45742
1739491200,DOGE,0.26345136152614,0.287186203807099,0.261870969246914,0.272913000141167,6598497272.97359
1739577600,DOGE,0.272913000141167,0.284345204275556,0.269824777461192,0.273084592456534,4469641124.98805
1739664000,DOGE,0.273084592456534,0.275356141169825,0.264953794532676,0.266850174741192,2651111332.60493
1739750400,DOGE,0.266850174741192,0.269896874559116,0.255205346537021,0.259274866596693,3957056805.22621
1739836800,DOGE,0.259274866596693,0.260800112473506,0.242423789331195,0.252097439797879,4964917736.47207
1739923200,DOGE,0.252097439797879,0.256070354025308,0.249741906597314,0.25559425627766,3055535550.13499
1740009600,DOGE,0.25559425627766,0.258083671650921,0.25079927866148,0.255437176135476,3403690012.06564
1740096000,DOGE,0.255437176135476,0.261578110028364,0.234843496444225,0.239904252010951,6568671050.57791
1740182400,DOGE,0.239904252010951,0.241247378185335,0.238451285266996,0.24124227581921,142323647.745675
